,Arithmancy,Astronomy,Herbology,Defense Against the Dark Arts,Divination,Muggle Studies,Ancient Runes,History of Magic,Transfiguration,Potions,Care of Magical Creatures,Charms,Flying
Count,1600,1600,1600,1600,1600,1600,1600,1600,1600,1600,1600,1600,1600
Mean,49634.57024265648,39.7971308901647,1.141019529676806,-0.387863497441786,3.1539096732863516,-224.5899148634645,495.7479700591583,2.9630946151165927,1030.096946387131,5.950372992780078,-0.05342713670049628,-243.3744090125,21.958012499999985
Std,16496.361899782878,514.9047364298931,5.163925073157666,5.160402491384729,4.103030881423506,480.842332513923,105.08265387187234,4.364496027131785,43.639828823935765,3.1172102544701388,0.9589293997677879,8.780894559533113,97.6010874237569
Min,-24370.0,-966.7405456412164,-10.295662748653244,-10.16211940387396,-8.727,-1086.4968348887985,283.8696087336624,-8.858992991610515,906.6273196915248,-4.697483767872527,-3.313675764124477,-261.04892,-181.47
25%,38741.5,-487.18618249008335,-4.2404681951187335,-5.200546991922143,3.1539096732863547,-574.3402299702052,398.5314847428618,2.435711150464115,1027.0055261615337,3.68724007727519,-0.6508616340525082,-250.6526,-41.870000000000005
50%,49569.0,238.3491902801083,3.337033793494756,-2.3834919028010826,4.5710000000000015,-411.9869833646096,481.46191029030774,4.293587534002992,1045.0987459960115,5.950372992780089,-0.0534271367004963,-244.86776500000002,-2.5149999999999997
75%,60543.0,519.4688569606176,5.387506377484257,4.875268671827978,5.63525,238.85314759586737,596.9340929563682,5.75708347402241,1058.1532741100773,8.221059426301426,0.5755840235598431,-232.552305,50.56
Max,104956.0,1016.211940387396,11.612895082210851,9.667405456412162,10.032,1092.3886105728684,745.3962198761234,11.889712754042709,1098.9582005409077,13.53676212499442,3.0565457738978123,-225.42814,279.07
