{"X_min": [-24370.0, -966.7405456412164, -1086.4968348887985, -181.47], "X_max": [104956.0, 1016.211940387396, 1092.3886105728684, 279.07]}