{"X_min": [-24370.0, -966.7405456412164, -10.295662748653244, -10.16211940387396, -8.727, -1086.4968348887985, 283.8696087336624, -8.858992991610515, 906.6273196915248, -4.697483767872527, -3.313675764124477, -261.04892, -181.47], "X_max": [104956.0, 1016.211940387396, 11.612895082210851, 9.667405456412162, 10.032, 1092.3886105728684, 745.3962198761234, 11.889712754042709, 1098.9582005409077, 13.53676212499442, 3.0565457738978123, -225.42814, 279.07]}