{"Gryffindor": [0.20877541808756173, -0.6410750342463053, 1.2603971429840561, -3.372864616202354, -1.0439345340280224, 1.644363904129485, -0.04010274152044749, 3.5811882078411483, -3.485712794908497, -3.960819583732074, -0.9663671518146612, 0.07660358752119163, -1.5934947553566932, 3.9652456105059235], "Slytherin": [1.1977179437647751, 0.6026124690810942, -2.7106462560662594, -3.4637026921924696, 3.895119496168659, -5.527346770402043, -1.83985312036659, -2.542665162495825, 1.2405172752785019, 1.891764224944752, 2.9877571828178993, 0.22215368185782475, -2.886995341606457, -1.7250728028044229], "Ravenclaw": [-3.922962281361448, -1.4928452983699363, -5.035566948777453, 2.255938818783805, 1.291440517872909, 1.2363660225715414, 4.632919632419546, 3.624977653426818, -1.0200258329309286, -1.2295276778818744, -1.8177239991024143, -0.9645469738031595, 5.003688464837848, -1.7775832432605163], "Hufflepuff": [-1.5590611288040896, -0.0906561858417611, 4.290385566736114, 5.143417875395131, -5.862727134254249, 1.8783862219696346, -3.3775524304783975, -5.692120345565203, 2.555896142995579, 2.643164919939891, -1.8372729276951214, -0.46393736169507155, -0.052217538899425764, -3.1502672090196007]}