{"Gryffindor": [-18.43413686267701, 2.6937333616258874, 0.5490017734433409, 2.587057856923007, 25.556617571339416], "Slytherin": [16.165901621380595, -2.5051670315609718, -15.895809602618487, -14.000753884093545, -13.296032711806086], "Ravenclaw": [-8.714513697589458, 2.825642855106002, -7.9183430148888885, 15.372272456879971, 4.551935349468317], "Hufflepuff": [-2.4609730306803628, -2.806862054021323, 22.190116710698526, -4.682172032603199, -18.690462909574368]}