{"Gryffindor": [0.20877541808756137, -0.6410750342463052, 1.2603971429840564, -3.372864616202354, -1.0439345340280222, 1.6443639041294855, -0.04010274152044737, 3.5811882078411483, -3.4857127949084967, -3.9608195837320745, -0.9663671518146616, 0.07660358752119165, -1.593494755356694, 3.9652456105059244], "Slytherin": [1.1977179437647747, 0.6026124690810941, -2.710646256066259, -3.4637026921924696, 3.8951194961686593, -5.527346770402042, -1.8398531203665898, -2.5426651624958256, 1.2405172752785016, 1.8917642249447513, 2.9877571828179, 0.2221536818578247, -2.8869953416064575, -1.7250728028044229], "Ravenclaw": [-3.922962281361447, -1.4928452983699367, -5.035566948777454, 2.2559388187838056, 1.2914405178729083, 1.2363660225715405, 4.632919632419546, 3.6249776534268197, -1.0200258329309284, -1.2295276778818751, -1.8177239991024143, -0.9645469738031598, 5.003688464837848, -1.7775832432605165], "Hufflepuff": [-1.5590611288040903, -0.09065618584176129, 4.2903855667361155, 5.143417875395131, -5.862727134254247, 1.878386221969634, -3.3775524304783966, -5.692120345565204, 2.5558961429955787, 2.643164919939891, -1.8372729276951225, -0.4639373616950714, -0.052217538899425125, -3.1502672090196002]}